Order_ID,Order_Date,Customer_ID,Product,Category,Quantity,Unit_Price,Revenue
ORD001,2026-01-01,C029,Backpack,Accessories,3,1500,4500
ORD002,2026-01-01,C021,Watch,Accessories,3,2200,6600
ORD003,2026-01-02,C019,Blender,Home Appliances,3,3000,9000
ORD004,2026-01-03,C036,Watch,Accessories,4,2200,8800
ORD005,2026-01-04,C003,Watch,Accessories,2,2200,4400
ORD006,2026-01-05,C002,Jeans,Clothing,4,1800,7200
ORD007,2026-01-06,C002,Sneakers,Footwear,4,3000,12000
ORD008,2026-01-07,C033,Jeans,Clothing,4,1800,7200
ORD009,2026-01-08,C022,Blender,Home Appliances,1,3000,3000
ORD010,2026-01-09,C049,Coffee Maker,Home Appliances,3,4500,13500
ORD011,2026-01-10,C028,Blender,Home Appliances,4,3000,12000
ORD012,2026-01-10,C044,Smartphone,Electronics,3,25000,75000
ORD013,2026-01-11,C003,T-Shirt,Clothing,1,800,800
ORD014,2026-01-12,C007,Smartphone,Electronics,1,25000,25000
ORD015,2026-01-13,C039,Coffee Maker,Home Appliances,2,4500,9000
ORD016,2026-01-14,C025,T-Shirt,Clothing,4,800,3200
ORD017,2026-01-15,C009,Headphones,Electronics,2,2500,5000
ORD018,2026-01-16,C002,Jeans,Clothing,4,1800,7200
ORD019,2026-01-17,C044,Backpack,Accessories,1,1500,1500
ORD020,2026-01-18,C047,Watch,Accessories,3,2200,6600
ORD021,2026-01-19,C036,Laptop,Electronics,2,55000,110000
ORD022,2026-01-19,C004,Watch,Accessories,2,2200,4400
ORD023,2026-01-20,C042,Sneakers,Footwear,4,3000,12000
ORD024,2026-01-21,C029,Sneakers,Footwear,3,3000,9000
ORD025,2026-01-22,C026,Headphones,Electronics,4,2500,10000
ORD026,2026-01-23,C010,Headphones,Electronics,2,2500,5000
ORD027,2026-01-24,C014,T-Shirt,Clothing,3,800,2400
ORD028,2026-01-25,C014,Watch,Accessories,3,2200,6600
ORD029,2026-01-26,C040,Coffee Maker,Home Appliances,1,4500,4500
ORD030,2026-01-27,C047,Headphones,Electronics,1,2500,2500
ORD031,2026-01-28,C026,Watch,Accessories,1,2200,2200
ORD032,2026-01-29,C029,Coffee Maker,Home Appliances,3,4500,13500
ORD033,2026-01-29,C025,Laptop,Electronics,3,55000,165000
ORD034,2026-01-30,C024,Coffee Maker,Home Appliances,1,4500,4500
ORD035,2026-01-31,C024,Watch,Accessories,3,2200,6600
ORD036,2026-02-01,C017,Smartphone,Electronics,4,25000,100000
ORD037,2026-02-02,C035,Smartphone,Electronics,1,25000,25000
ORD038,2026-02-03,C042,Jeans,Clothing,3,1800,5400
ORD039,2026-02-04,C041,Blender,Home Appliances,4,3000,12000
ORD040,2026-02-05,C009,Backpack,Accessories,4,1500,6000
ORD041,2026-02-06,C033,Headphones,Electronics,4,2500,10000
ORD042,2026-02-07,C023,Backpack,Accessories,2,1500,3000
ORD043,2026-02-07,C037,Watch,Accessories,3,2200,6600
ORD044,2026-02-08,C022,Watch,Accessories,3,2200,6600
ORD045,2026-02-09,C001,Smartphone,Electronics,3,25000,75000
ORD046,2026-02-10,C047,Jeans,Clothing,2,1800,3600
ORD047,2026-02-11,C001,Smartphone,Electronics,1,25000,25000
ORD048,2026-02-12,C014,Blender,Home Appliances,3,3000,9000
ORD049,2026-02-13,C015,Coffee Maker,Home Appliances,3,4500,13500
ORD050,2026-02-14,C042,Blender,Home Appliances,4,3000,12000
ORD051,2026-02-15,C032,Smartphone,Electronics,3,25000,75000
ORD052,2026-02-16,C032,Laptop,Electronics,4,55000,220000
ORD053,2026-02-17,C023,Jeans,Clothing,3,1800,5400
ORD054,2026-02-17,C013,T-Shirt,Clothing,4,800,3200
ORD055,2026-02-18,C022,Backpack,Accessories,4,1500,6000
ORD056,2026-02-19,C042,Headphones,Electronics,1,2500,2500
ORD057,2026-02-20,C006,Coffee Maker,Home Appliances,4,4500,18000
ORD058,2026-02-21,C030,T-Shirt,Clothing,2,800,1600
ORD059,2026-02-22,C028,Blender,Home Appliances,1,3000,3000
ORD060,2026-02-23,C033,Backpack,Accessories,1,1500,1500
ORD061,2026-02-24,C027,Coffee Maker,Home Appliances,2,4500,9000
ORD062,2026-02-25,C013,Coffee Maker,Home Appliances,1,4500,4500
ORD063,2026-02-26,C039,Smartphone,Electronics,2,25000,50000
ORD064,2026-02-26,C027,Watch,Accessories,1,2200,2200
ORD065,2026-02-27,C033,Jeans,Clothing,3,1800,5400
ORD066,2026-02-28,C044,Blender,Home Appliances,4,3000,12000
ORD067,2026-03-01,C032,Sneakers,Footwear,4,3000,12000
ORD068,2026-03-02,C041,Watch,Accessories,4,2200,8800
ORD069,2026-03-03,C049,Laptop,Electronics,2,55000,110000
ORD070,2026-03-04,C012,T-Shirt,Clothing,2,800,1600
ORD071,2026-03-05,C002,Backpack,Accessories,3,1500,4500
ORD072,2026-03-06,C037,Laptop,Electronics,1,55000,55000
ORD073,2026-03-07,C017,Watch,Accessories,3,2200,6600
ORD074,2026-03-08,C002,Laptop,Electronics,2,55000,110000
ORD075,2026-03-08,C023,Sneakers,Footwear,1,3000,3000
ORD076,2026-03-09,C001,Laptop,Electronics,3,55000,165000
ORD077,2026-03-10,C044,Headphones,Electronics,2,2500,5000
ORD078,2026-03-11,C032,Sneakers,Footwear,3,3000,9000
ORD079,2026-03-12,C011,T-Shirt,Clothing,4,800,3200
ORD080,2026-03-13,C038,Laptop,Electronics,4,55000,220000
ORD081,2026-03-14,C034,Jeans,Clothing,2,1800,3600
ORD082,2026-03-15,C011,Sneakers,Footwear,3,3000,9000
ORD083,2026-03-16,C009,Laptop,Electronics,4,55000,220000
ORD084,2026-03-17,C016,Sneakers,Footwear,1,3000,3000
ORD085,2026-03-17,C020,Smartphone,Electronics,4,25000,100000
ORD086,2026-03-18,C019,T-Shirt,Clothing,2,800,1600
ORD087,2026-03-19,C019,Smartphone,Electronics,4,25000,100000
ORD088,2026-03-20,C041,Backpack,Accessories,1,1500,1500
ORD089,2026-03-21,C039,Watch,Accessories,2,2200,4400
ORD090,2026-03-22,C001,Watch,Accessories,3,2200,6600
ORD091,2026-03-23,C025,Coffee Maker,Home Appliances,2,4500,9000
ORD092,2026-03-24,C031,Backpack,Accessories,2,1500,3000
ORD093,2026-03-25,C035,Blender,Home Appliances,3,3000,9000
ORD094,2026-03-26,C048,Blender,Home Appliances,1,3000,3000
ORD095,2026-03-27,C049,T-Shirt,Clothing,2,800,1600
ORD096,2026-03-27,C048,Laptop,Electronics,2,55000,110000
ORD097,2026-03-28,C037,Jeans,Clothing,4,1800,7200
ORD098,2026-03-29,C009,Backpack,Accessories,1,1500,1500
ORD099,2026-03-30,C019,Smartphone,Electronics,4,25000,100000
ORD100,2026-03-31,C020,Smartphone,Electronics,4,25000,100000
ORD101,2026-04-01,C033,Sneakers,Footwear,4,3000,12000
ORD102,2026-04-02,C011,T-Shirt,Clothing,1,800,800
ORD103,2026-04-03,C036,Watch,Accessories,2,2200,4400
ORD104,2026-04-04,C020,Watch,Accessories,2,2200,4400
ORD105,2026-04-05,C048,Smartphone,Electronics,2,25000,50000
ORD106,2026-04-05,C035,Coffee Maker,Home Appliances,1,4500,4500
ORD107,2026-04-06,C046,Headphones,Electronics,2,2500,5000
ORD108,2026-04-07,C035,Headphones,Electronics,4,2500,10000
ORD109,2026-04-08,C036,Coffee Maker,Home Appliances,1,4500,4500
ORD110,2026-04-09,C033,T-Shirt,Clothing,2,800,1600
ORD111,2026-04-10,C048,Jeans,Clothing,4,1800,7200
ORD112,2026-04-11,C008,Watch,Accessories,3,2200,6600
ORD113,2026-04-12,C017,Smartphone,Electronics,4,25000,100000
ORD114,2026-04-13,C048,Laptop,Electronics,4,55000,220000
ORD115,2026-04-14,C022,Smartphone,Electronics,3,25000,75000
ORD116,2026-04-15,C046,Sneakers,Footwear,2,3000,6000
ORD117,2026-04-15,C038,Sneakers,Footwear,1,3000,3000
ORD118,2026-04-16,C008,Smartphone,Electronics,3,25000,75000
ORD119,2026-04-17,C021,Headphones,Electronics,2,2500,5000
ORD120,2026-04-18,C028,Laptop,Electronics,3,55000,165000
ORD121,2026-04-19,C005,Laptop,Electronics,4,55000,220000
ORD122,2026-04-20,C004,Smartphone,Electronics,3,25000,75000
ORD123,2026-04-21,C017,Laptop,Electronics,4,55000,220000
ORD124,2026-04-22,C006,Jeans,Clothing,3,1800,5400
ORD125,2026-04-23,C037,Coffee Maker,Home Appliances,4,4500,18000
ORD126,2026-04-24,C046,Laptop,Electronics,1,55000,55000
ORD127,2026-04-24,C033,Smartphone,Electronics,4,25000,100000
ORD128,2026-04-25,C032,Jeans,Clothing,3,1800,5400
ORD129,2026-04-26,C003,Laptop,Electronics,4,55000,220000
ORD130,2026-04-27,C025,Headphones,Electronics,2,2500,5000
ORD131,2026-04-28,C003,Sneakers,Footwear,4,3000,12000
ORD132,2026-04-29,C050,Watch,Accessories,4,2200,8800
ORD133,2026-04-30,C023,Sneakers,Footwear,2,3000,6000
ORD134,2026-05-01,C002,Blender,Home Appliances,2,3000,6000
ORD135,2026-05-02,C040,Laptop,Electronics,1,55000,55000
ORD136,2026-05-03,C043,Coffee Maker,Home Appliances,2,4500,9000
ORD137,2026-05-04,C029,Backpack,Accessories,2,1500,3000
ORD138,2026-05-04,C026,Backpack,Accessories,3,1500,4500
ORD139,2026-05-05,C025,Headphones,Electronics,4,2500,10000
ORD140,2026-05-06,C007,Blender,Home Appliances,1,3000,3000
ORD141,2026-05-07,C045,T-Shirt,Clothing,4,800,3200
ORD142,2026-05-08,C008,Laptop,Electronics,4,55000,220000
ORD143,2026-05-09,C023,Smartphone,Electronics,3,25000,75000
ORD144,2026-05-10,C002,Headphones,Electronics,4,2500,10000
ORD145,2026-05-11,C022,Backpack,Accessories,3,1500,4500
ORD146,2026-05-12,C022,Coffee Maker,Home Appliances,2,4500,9000
ORD147,2026-05-13,C022,Blender,Home Appliances,1,3000,3000
ORD148,2026-05-13,C042,T-Shirt,Clothing,2,800,1600
ORD149,2026-05-14,C043,Sneakers,Footwear,4,3000,12000
ORD150,2026-05-15,C033,Jeans,Clothing,4,1800,7200
ORD151,2026-05-16,C044,Jeans,Clothing,4,1800,7200
ORD152,2026-05-17,C039,Jeans,Clothing,4,1800,7200
ORD153,2026-05-18,C045,Sneakers,Footwear,4,3000,12000
ORD154,2026-05-19,C030,T-Shirt,Clothing,3,800,2400
ORD155,2026-05-20,C040,Smartphone,Electronics,4,25000,100000
ORD156,2026-05-21,C042,Headphones,Electronics,2,2500,5000
ORD157,2026-05-22,C017,Smartphone,Electronics,4,25000,100000
ORD158,2026-05-23,C028,Smartphone,Electronics,2,25000,50000
ORD159,2026-05-23,C026,Backpack,Accessories,1,1500,1500
ORD160,2026-05-24,C023,Blender,Home Appliances,3,3000,9000
ORD161,2026-05-25,C012,Coffee Maker,Home Appliances,1,4500,4500
ORD162,2026-05-26,C001,Laptop,Electronics,3,55000,165000
ORD163,2026-05-27,C032,Headphones,Electronics,2,2500,5000
ORD164,2026-05-28,C048,Sneakers,Footwear,1,3000,3000
ORD165,2026-05-29,C045,Watch,Accessories,1,2200,2200
ORD166,2026-05-30,C016,Laptop,Electronics,1,55000,55000
ORD167,2026-05-31,C005,Backpack,Accessories,2,1500,3000
ORD168,2026-06-01,C003,Backpack,Accessories,4,1500,6000
ORD169,2026-06-01,C016,Blender,Home Appliances,3,3000,9000
ORD170,2026-06-02,C022,Jeans,Clothing,1,1800,1800
ORD171,2026-06-03,C047,Jeans,Clothing,1,1800,1800
ORD172,2026-06-04,C005,T-Shirt,Clothing,4,800,3200
ORD173,2026-06-05,C026,Blender,Home Appliances,4,3000,12000
ORD174,2026-06-06,C039,Jeans,Clothing,4,1800,7200
ORD175,2026-06-07,C030,Laptop,Electronics,1,55000,55000
ORD176,2026-06-08,C010,Backpack,Accessories,2,1500,3000
ORD177,2026-06-09,C036,Jeans,Clothing,2,1800,3600
ORD178,2026-06-10,C031,T-Shirt,Clothing,2,800,1600
ORD179,2026-06-11,C019,Blender,Home Appliances,2,3000,6000
ORD180,2026-06-11,C005,Laptop,Electronics,1,55000,55000
ORD181,2026-06-12,C016,T-Shirt,Clothing,4,800,3200
ORD182,2026-06-13,C002,Backpack,Accessories,1,1500,1500
ORD183,2026-06-14,C024,T-Shirt,Clothing,4,800,3200
ORD184,2026-06-15,C035,Headphones,Electronics,4,2500,10000
ORD185,2026-06-16,C033,Laptop,Electronics,1,55000,55000
ORD186,2026-06-17,C043,Smartphone,Electronics,1,25000,25000
ORD187,2026-06-18,C001,Smartphone,Electronics,1,25000,25000
ORD188,2026-06-19,C010,Watch,Accessories,3,2200,6600
ORD189,2026-06-20,C050,Headphones,Electronics,3,2500,7500
ORD190,2026-06-20,C017,Backpack,Accessories,2,1500,3000
ORD191,2026-06-21,C029,Watch,Accessories,2,2200,4400
ORD192,2026-06-22,C026,Blender,Home Appliances,2,3000,6000
ORD193,2026-06-23,C041,Headphones,Electronics,3,2500,7500
ORD194,2026-06-24,C050,T-Shirt,Clothing,1,800,800
ORD195,2026-06-25,C036,Watch,Accessories,1,2200,2200
ORD196,2026-06-26,C036,Jeans,Clothing,2,1800,3600
ORD197,2026-06-27,C009,Jeans,Clothing,4,1800,7200
ORD198,2026-06-28,C049,Smartphone,Electronics,3,25000,75000
ORD199,2026-06-29,C018,T-Shirt,Clothing,1,800,800
ORD200,2026-06-30,C032,Backpack,Accessories,4,1500,6000
